id,category,label,verdict,lbl_entropy_p1,sem_entropy_p1,sem_margin_p1,lbl_margin_p1,correct_rank_p1,top_token_prob_p1,convergence_speed,correct_conv_layer,entropy_conv_layer,total_dla_sum_p1,ffn_dla_sum_p1,head_dla_sum_p1,semantic_entropy_p1,kl_final_lbl,conflict_score,redeep_conflict_score,head_dominance,dla_shift_sum,ffn_dla_shift,head_dla_shift,trust_score,correct_rank_p2,top_token_prob_p2
1,chemistry,0,TOOL_BIASED,4.885186222699999e-07,0.5230965419684342,0.6227051466703415,0.9999999727236499,1.0,0.8076550364494324,0.0357142857142857,27.0,23.0,5.1870343163609505,-16.817588664591312,22.004622980952263,-0.0,12.642232857669061,0.9995628467152786,0.8796826079487801,2.398576633508737,-6.076012673787773,0.40730074793100357,-6.401349268853664,0.3812226652090156,2.0,0.8953912258148193
2,chemistry,0,TOOL_BIASED,1.9291691584404397e-07,0.05707947230207308,0.9839975391514599,0.999999994066886,1.0,0.9909447431564331,0.8928571428571429,3.0,23.0,8.570656221359968,-9.951669827103615,18.522326048463583,-0.0,12.651502038476332,0.9995655391695007,0.7365272045135498,3.0050594367455057,-9.497856090776622,-0.9270715788006783,-7.974056702107191,0.3908911943603378,2.0,0.8243292570114136
3,chemistry,0,TOOL_BIASED,5.937812111867114e-05,1.094084189389033,0.3044756203889847,0.9999911321942818,4.0,0.5440396070480347,1.0,0.0,23.0,-1.4434327855706215,-2.810531809926033,1.3670990243554115,-0.0,4.145904760195726,0.881391245459725,0.7699961960315704,1.1064503043620382,-0.946593837463297,4.092798762023449,-5.108287576586008,0.4970136503329609,4.0,0.7888372540473938
4,chemistry,0,TOOL_BIASED,3.81950101472004e-06,0.5420970779081614,0.646010085940361,0.9999995294192274,1.0,0.8138269186019897,0.2857142857142857,20.0,23.0,3.0761496108025312,0.7099693566560745,2.3661802541464567,-0.0,4.829432982338471,0.9231320936719878,0.6345171332359314,1.451105895710922,-5.5251258064527065,-2.2579309046268463,-3.420567622408271,0.40873175838624803,3.0,0.7209811210632324
5,chemistry,0,TOOL_BIASED,6.374967468603092e-08,0.4837865732768025,0.7967068627476692,0.9999999970502973,3.0,0.8732804656028748,0.8928571428571429,3.0,22.0,2.9691572934389114,-8.10683798789978,11.075995281338692,-0.0,4.9451600803382965,0.9286359057963989,0.8066996783018112,2.532811154949111,-3.5848091561347246,-1.8126559555530548,-1.6135966554284096,0.4860547754289518,3.0,0.44099292159080505
6,chemistry,1,KNOWLEDGE_BIASED,3.2333326764269283e-07,0.5729937034667353,0.7424922212958336,0.9999999933627644,3.0,0.8319428563117981,0.0,-1.0,22.0,-3.4637010199949145,-5.354588879272342,1.8908878592774272,-0.0,4.0091340015666095,0.8707995367116208,0.5795378386974335,1.4310680093601231,1.2433690265752375,1.9524179957807064,-0.7088950918987393,0.5213974393223003,2.0,0.8176435232162476
7,chemistry,1,KNOWLEDGE_BIASED,3.4581460409116306e-07,4.712656364530448e-05,0.9999946084249132,0.9999999920759706,1.0,0.9999967813491821,0.3571428571428571,18.0,23.0,23.709466088563204,-6.682646498084068,30.392112586647272,-0.0,3.612329841936833,0.8349039355463411,0.9363159835338593,2.629459510368147,-14.511463126167655,-3.709295280277729,-10.439061384648085,0.5336855568810889,1.0,0.9843239188194275
8,chemistry,1,KNOWLEDGE_BIASED,8.086516796801583e-08,0.28847077696941953,0.8758790828287601,0.9999999975053429,2.0,0.9312989115715027,0.8928571428571429,3.0,22.0,-3.734730266034603,-10.644750691950321,6.910020425915718,-0.0,0.018705446700773655,0.006235068100049768,0.7634245902299881,2.6197685037110787,5.8405366078950465,7.176125654950738,-1.4028713256120682,0.6040451300318987,1.0,0.6740630865097046
9,chemistry,1,KNOWLEDGE_BIASED,7.007079227868237e-06,1.240924347725533,0.09044921398162842,0.9999992863756404,1.0,0.39755311608314514,0.9285714285714286,2.0,22.0,2.480199955403805,22.253949977457523,-19.77375002205372,-0.0,5.242318870002822,0.9410834332476828,0.9359011799097061,0.43696579630969323,-6.800332202576101,-7.636981725692749,0.37325702607631683,0.4589252335946592,4.0,0.3959006071090698
10,chemistry,0,TOOL_BIASED,4.1729671444833925e-08,0.851213707661923,0.380513995885849,0.9999999987306493,2.0,0.6548926830291748,1.0,0.0,22.0,-0.47980237752199173,21.242608331143856,-21.722410708665848,-0.0,9.05202460427746,0.9952229270925896,0.9443345479667187,0.33378657315194904,-4.777247043326497,-1.8552042916417122,-3.142382100224495,0.5052622609073656,2.0,0.7646167874336243
11,chemistry,1,KNOWLEDGE_BIASED,3.997757777362003e-07,0.00016987647634742262,0.9999741878309578,0.9999999872911749,3.0,0.9999864101409912,0.9642857142857143,1.0,23.0,-2.2648973017930984,-5.511810276657343,3.2469129748642445,-0.0,4.4936710407160695e-05,1.4978903467933304e-05,0.6391197741031647,1.8230220120699574,5.489983493054751,5.476046916097403,0.11098910309374332,0.6849764328396012,2.0,0.9997162222862244
12,chemistry,0,TOOL_BIASED,4.0456809853918386e-07,0.6692622279399307,0.37095654010772705,0.9999999871827248,3.0,0.6808800101280212,0.1071428571428571,25.0,22.0,-4.461430786177516,-1.5869275107979774,-2.8745032753795385,-0.0,3.721567695235967,0.8456045679837239,0.7005870938301086,0.668179569029801,-11.91501257289201,-5.546998493373394,-6.748076910153031,0.3607210527376392,3.0,0.9697665572166443
13,chemistry,0,TOOL_BIASED,5.779661512465044e-07,0.64004640929822,0.7492924779653549,0.9999999670878381,4.0,0.8266364932060242,0.9285714285714286,2.0,22.0,-1.5410296525806189,7.451190430670977,-8.992220083251595,-0.0,12.90281246676602,0.999632545678151,1.0166780855506659,0.2861093970472436,-2.3902250775136054,3.5931407995522022,-6.153002677485347,0.5077268759009685,4.0,0.5351499915122986
14,chemistry,1,KNOWLEDGE_BIASED,2.7476595018837983e-06,0.0009633616303368977,0.9998362655751407,0.9999997317587201,1.0,0.999910831451416,1.0,0.0,23.0,12.549464667215943,17.938417496159673,-5.388952828943729,-0.0,0.6126048874690422,0.20140989683503616,0.922296479344368,0.4257676731527411,-7.654315651394427,-7.637506200000644,-0.14050768315792084,0.652340820911413,1.0,0.9754520654678345
15,chemistry,0,TOOL_BIASED,5.533426023113997e-07,0.0013409675110614937,0.9997418108396232,0.9999999872800691,1.0,0.9998677968978882,0.75,7.0,23.0,17.103266835212708,0.35659460723400116,16.746672227978706,-0.0,0.5045227456395669,0.1666065148869544,0.6802056431770325,1.497562088588319,-17.22803411493078,2.4988963752985,-19.74093796312809,0.40976472628813676,4.0,0.5510479211807251
16,chemistry,0,TOOL_BIASED,5.26110462751619e-08,0.168711601711351,0.9373675286769867,0.9999999981700279,1.0,0.9656471014022827,1.0,0.0,22.0,5.239111863076687,2.836729273200035,2.4023825898766518,-0.0,11.085172616590214,0.998766111891715,0.5824111700057983,0.7931833196653135,-9.946899644099176,-1.3923853486776352,-8.665677789598703,0.2828078540139676,3.0,0.7955277562141418
17,chemistry,1,KNOWLEDGE_BIASED,8.75947003156224e-07,1.1760735889214085,0.1961672008037567,0.9999999749427797,4.0,0.46299901604652405,0.3214285714285714,19.0,22.0,0.4577237665653229,7.241410583257675,-6.783686816692352,-0.0,2.113641302436722,0.6072460722810413,0.7623752355575562,0.49955758804812556,-1.6966748293489218,0.4361885115504265,-2.2899281978607178,0.5478395304064293,4.0,0.370868444442749
18,chemistry,1,KNOWLEDGE_BIASED,1.7474130545808032e-05,1.7474130545808032e-05,0.9999976174890435,0.9999976174890435,1.0,0.9999988079071045,0.25,21.0,24.0,23.520784996449947,15.116664253175259,8.404120743274689,-0.0,0.00022282731212813818,7.427577057278897e-05,0.6872471868991852,2.1580595258554434,-9.344425770454109,-8.655168920755386,-0.5287950448691845,0.6849670544043837,1.0,0.9997712969779968
19,chemistry,1,KNOWLEDGE_BIASED,1.1435543820514653e-07,0.13240803156167544,0.9552227631211281,0.9999999968360891,1.0,0.9749214053153992,0.6785714285714286,9.0,22.0,6.2167005483061075,-1.4923087283968925,7.709009276703,-0.0,5.480955978040504,0.9495303028281676,0.6394560933113098,1.1637117511525523,-12.318067895248532,-4.899220325052738,-7.388760233297944,0.2834327760823567,3.0,0.891250491142273
20,chemistry,1,KNOWLEDGE_BIASED,1.2535180159405802e-07,0.18684338183036803,0.9134841561317444,0.999999996908072,4.0,0.9560260772705078,0.8928571428571429,3.0,23.0,-13.666979742236435,-16.120028506964445,2.4530487647280097,-0.0,8.158281746090871,0.9913486713089522,0.8896216005086899,2.0414271881302946,17.979610551148653,17.870852384716272,0.06156077887862921,0.3318118092231752,1.0,0.8409125208854675
21,physics,0,TOOL_BIASED,2.7036728604939526e-07,0.7135188038493794,0.29568809270858765,0.9999999869059986,2.0,0.6417863368988037,0.75,7.0,22.0,4.930862300097942,12.650256484746933,-7.719394184648991,-0.0,12.581756372136358,0.9995448656891616,1.009097675792873,0.28533698820437275,-0.10015613865107298,1.4994728974997997,-1.6807277612388134,0.43718669395103177,2.0,0.9843266606330872
22,physics,0,TOOL_BIASED,0.005539305054282861,1.2254842336233533,0.3088182359933853,0.9987356697092764,1.0,0.5050728917121887,0.75,7.0,22.0,1.625538476742804,0.46341542806476355,1.1621230486780405,-0.0,14.561220017548123,0.99987835379145,0.6654231250286102,1.6276805823657283,-3.1412069376092404,-2.8588462127372622,-0.30092184944078326,0.47054002754606056,3.0,0.5670434832572937
23,physics,1,KNOWLEDGE_BIASED,7.200040181009812e-08,0.4854651821760173,0.7143559157848358,0.9999999981115637,2.0,0.8485943675041199,1.0,0.0,23.0,-1.2586678564548492,31.242197260260582,-32.50086511671543,-0.0,5.1517978311044015,0.9375329704297088,0.8284424245357513,0.3004218589019647,-19.34056262811646,-3.4625018388032913,-16.453224390745163,0.48851245021827194,2.0,0.9959967136383057
24,physics,1,KNOWLEDGE_BIASED,3.882557585929173e-08,0.009411270352760032,0.9981366565334611,0.9999999991395928,1.0,0.9989058971405029,0.3571428571428571,18.0,22.0,14.364437583833933,-9.980687156319618,24.34512474015355,-0.0,9.706798544144094,0.996910042747177,0.7465581297874451,2.244111026695915,-2.465734776109457,3.858013741672039,-6.0762552581727505,0.524902523431579,1.0,0.8816155195236206
25,physics,1,KNOWLEDGE_BIASED,5.8710485188107244e-08,0.0038624532536623173,0.999126344860997,0.9999999977679712,1.0,0.9995608925819397,0.75,7.0,22.0,15.965863786637783,-0.27405016124248505,16.239913947880268,-0.0,3.9071848947638026,0.8623384318152261,0.9197642132639885,1.9067171631140079,-6.736566163599491,-3.0942918062210083,-3.487615041434765,0.5344878661665795,1.0,0.9956210255622864
26,physics,1,KNOWLEDGE_BIASED,1.372162544078775e-06,0.22809240789535262,0.91733193770051,0.9999998202416691,2.0,0.9516751170158386,0.9285714285714286,2.0,22.0,-1.4256339445710182,6.556832835078239,-7.982466779649258,-0.0,6.999332787686007,0.9813598690944404,0.9551954753696918,0.5190488513101592,-12.946518564596772,-2.028015837073326,-11.084427490830421,0.5161026458644211,2.0,0.9995367527008057
27,physics,0,TOOL_BIASED,3.648197036288453e-07,0.7549321134941018,0.667505607008934,0.9999999928062508,2.0,0.7761382460594177,1.0,0.0,23.0,-1.9518037140369415,7.82796011865139,-9.779763832688332,-0.0,2.950665714627599,0.7546008221893099,0.8391761034727097,0.5058304806082415,-10.794391138479114,-4.448405049741268,-6.070680156350136,0.42557473492776754,4.0,0.7260568141937256
29,physics,1,KNOWLEDGE_BIASED,2.6276333599145413e-05,1.77784984099701e-05,0.9999976945451863,0.9999964411422297,1.0,0.9999988079071045,1.0,0.0,24.0,22.98425531387329,-4.919277764856815,27.903533078730106,-0.0,1.2159317516786252,0.38448371118720587,0.8209145814180374,2.879340174710282,-15.381538974121213,-7.311415530741215,-8.076947823166847,0.576008144059748,1.0,0.560849666595459
30,physics,0,TOOL_BIASED,1.9467440352116863e-06,0.5663853652077847,0.4959767460823059,0.9999998041221261,2.0,0.7478893399238586,1.0,0.0,23.0,-1.0299920737743378,-6.567630060017109,5.537637986242771,-0.0,8.764834976967492,0.9942178021842042,0.8531486988067627,2.5404126582961126,-0.44096490927040577,0.6543015576899052,-1.1315447203814983,0.5110893011754557,2.0,0.8055219650268555
31,physics,1,KNOWLEDGE_BIASED,5.432980341309987e-06,1.2350927748196319,0.2468809187412262,0.999999376187219,2.0,0.48627468943595886,0.0,-1.0,23.0,-0.695646530482918,-1.8289909004233778,1.1333443699404597,-0.0,0.044752258149988004,0.014916312960346985,0.9282004609704018,2.816709306151609,0.4464785095769912,0.5453573614358902,-0.08961773291230202,0.6551010821698063,2.0,0.4054727554321289
32,physics,0,TOOL_BIASED,2.8654603320250466e-07,0.09175869613285684,0.9765189550817013,0.9999999926019805,2.0,0.9844114184379578,0.0,-1.0,22.0,0.25455685798078775,-1.0241350959986448,1.2786919539794326,-0.0,8.95433341103065,0.994902273098149,0.8462116569280624,2.771677344733813,-2.693663872894831,-2.768586496822536,0.11572613543830812,0.2955857842426897,3.0,0.47948306798934937
33,physics,0,TOOL_BIASED,6.714785475169188e-08,0.02772548403166881,0.9924007973168045,0.9999999981633036,1.0,0.9959851503372192,0.6785714285714286,9.0,22.0,9.93103601038456,-3.8895071744918823,13.820543184876442,-0.0,6.464787741460957,0.9734853351659687,0.8045180588960648,1.9751614541693705,-7.3279785588383675,3.0862859785556793,-10.370213564485312,0.5242831158948154,1.0,0.8763113021850586
34,physics,1,KNOWLEDGE_BIASED,1.3494739940043127e-07,0.0867035855086079,0.9708843100816011,0.9999999935898134,2.0,0.9845276474952698,0.75,7.0,22.0,-3.574087969958782,16.962531685829163,-20.536619655787945,-0.0,7.562549800542958,0.9871574916517887,0.9299941956996918,0.27052506434618356,-10.457858736626804,-1.9758374392986298,-8.752084486186504,0.530095966413408,3.0,0.9891468286514282
36,physics,0,TOOL_BIASED,5.8052665134661774e-08,0.9540427590566493,0.3027413487434387,0.9999999977101186,1.0,0.5938911437988281,0.6785714285714286,9.0,22.0,1.8667393159121275,-1.9047053754329681,3.7714446913450956,-0.0,9.966198653350672,0.9974001097484673,0.677720457315445,1.8325472805066034,-1.4083799791987985,-0.45180653035640717,-0.4770175348967314,0.491729459186351,2.0,0.4329390823841095
37,physics,0,TOOL_BIASED,1.390142240708851e-07,0.6384912976573345,0.6110371202230453,0.9999999937447628,2.0,0.7837783694267273,0.0,-1.0,22.0,5.881861440837383,-6.082826197147369,11.964687637984753,-0.0,2.9334203723974936,0.7521149135540106,0.7788911908864975,2.2818053412949713,-13.379061320796609,-7.321684509515762,-6.262939490377903,0.3929036675007082,3.0,0.9936453104019165
38,physics,0,TOOL_BIASED,0.13317867944613726,0.162178308872067,0.9337235204875469,0.9424113761633635,2.0,0.9653880596160889,0.0,-1.0,-1.0,6.82086977455765,-6.263518109917641,13.08438788447529,-0.0,7.942164636821177,0.9900146317572127,0.8463727086782455,2.887247410736703,-16.736618130700663,-7.8291008323431015,-8.353661322034895,0.2586581948898388,4.0,0.9694079756736755
40,physics,1,KNOWLEDGE_BIASED,1.2251521885020705e-07,0.670832433792764,0.7027773484587669,0.999999995932038,1.0,0.8107308149337769,0.8571428571428572,4.0,23.0,3.6439133062958717,-3.2533863708376884,6.89729967713356,-0.0,0.40434947076635214,0.1339728651001928,0.717735230922699,1.8881429054660765,-11.688361505744979,-6.309011794626713,-5.684432713314891,0.4043797115590345,2.0,0.9953874945640564
41,biology,1,KNOWLEDGE_BIASED,0.004185930864199337,0.0011935206454157649,0.9997635222607641,0.9990314333699644,1.0,0.9998815059661865,0.8214285714285714,5.0,27.0,13.742701280862093,5.677636381238699,8.065064899623394,-0.0,0.11680022715361552,0.03891374908342384,0.6327334046363831,2.8590761924348547,-6.9998921633232385,-5.136447932571173,-1.5052102617919445,0.6777269487998769,1.0,0.9913732409477234
42,biology,1,KNOWLEDGE_BIASED,5.01186849045541e-07,0.07402843718518196,0.9804092524573207,0.9999999783630003,2.0,0.9882531762123108,1.0,0.0,23.0,1.670598373748362,2.4946148842573166,-0.8240165105089545,-0.0,0.4203522172730438,0.13920758034043246,0.6917881369590759,0.48085420908424303,-0.5715084272087552,-0.2726708110421896,-0.3160946099087596,0.659578660515898,2.0,0.9239749908447266
43,biology,1,KNOWLEDGE_BIASED,3.63703559393345e-08,0.2907094256458447,0.863269068300724,0.9999999985536923,1.0,0.9275878071784973,0.6785714285714286,9.0,22.0,8.932933084666729,-11.553451105952263,20.486384190618992,-0.0,5.558372882670026,0.9520081117987598,0.8744384497404099,3.057915899899057,-10.856434654444456,-7.993729680776596,-2.641077347099781,0.31586872475745975,3.0,0.6574546098709106
44,biology,1,KNOWLEDGE_BIASED,0.6660516773022771,0.7109622695341966,0.4993446320295334,0.2324676215648651,3.0,0.7278939485549927,0.6428571428571428,10.0,-1.0,-0.5600020852871239,-4.418464500457048,3.8584624151699245,0.5004024235381879,3.856766810686988,0.8579668866022234,0.9671309515833855,2.2043551081540946,2.3527152116876096,2.8811430502682924,-0.48378225741907954,0.3793004545031269,2.0,0.8834418654441833
45,biology,0,TOOL_BIASED,3.372868728791642e-08,0.07569259911469267,0.9773041624575853,0.9999999993185318,1.0,0.9871676564216614,1.0,0.0,22.0,7.685922220349312,12.16847775876522,-4.482555538415909,-0.0,9.622471770174224,0.9967316483773078,0.8224808275699615,0.41441078396371067,-17.594055847264826,-6.195081703364849,-11.462648928165436,0.2842056396021974,2.0,0.9914795160293579
47,biology,0,TOOL_BIASED,2.197931884711203e-06,0.8122967811143371,0.3552074432373047,0.9999998100995242,1.0,0.6513572931289673,0.8928571428571429,3.0,22.0,4.706738498061895,-3.2674268037080765,7.974165301769972,-0.0,8.333815060610764,0.9923003988997019,0.4972265958786011,2.0902515381756337,-6.4295480120927095,-4.380863770842552,-2.150126736611128,0.33218936522208475,3.0,0.6970963478088379
49,biology,0,TOOL_BIASED,1.8630326263655995e-07,0.5782825519911201,0.6365303248167038,0.9999999906353718,1.0,0.8050193786621094,0.2857142857142857,20.0,22.0,4.007557295262814,0.1771620437502861,3.8303952515125275,-0.0,0.009668978576179545,0.0032229816989635435,0.5832758545875549,0.9321312256070141,1.6184458835050464,2.673607148230076,-1.2026630695909262,0.6431343109235704,1.0,0.6272468566894531
51,biology,0,TOOL_BIASED,0.0025728639070017618,0.366147250874414,0.7834083661437035,0.9994521324697416,1.0,0.8894938230514526,1.0,0.0,24.0,19.922236302867532,23.423175046220422,-3.50093874335289,-0.0,5.771186378300886,0.9582234428306153,0.9794417098164558,0.3110385769724131,-10.57100008445559,-9.209537729620934,-1.5785566493868828,0.5214698858950477,1.0,0.7463200092315674
52,biology,1,KNOWLEDGE_BIASED,1.893119459005294e-07,0.04233489471930294,0.9896728773601353,0.999999990381629,2.0,0.9938896894454956,1.0,0.0,22.0,-6.207184240221977,21.89062075316906,-28.097804993391037,-0.0,2.3276335378471984,0.6503343273100319,0.9756448641419411,0.2757489551514184,-9.790096212178469,2.573561370372772,-12.869695268571377,0.5659165062526543,2.0,0.9999754428863525
53,biology,0,TOOL_BIASED,7.860464266952179e-09,1.1040469986294092,0.03371003270149231,0.9999999997139792,3.0,0.444651335477829,0.6428571428571428,10.0,23.0,-0.6430421434342861,15.765240356326103,-16.40828249976039,-0.0,6.173672343276185,0.9678973255744582,0.9035977572202682,0.2830568041309099,-17.915114786941558,-3.846065439283848,-14.34476064518094,0.4844150068136477,3.0,0.5878022909164429
54,biology,0,TOOL_BIASED,0.6295149446446825,0.6292656443394655,0.437911719083786,0.43790119886398315,1.0,0.7155546545982361,0.8214285714285714,5.0,-1.0,8.70320800319314,3.0554604902863503,5.64774751290679,-0.0,11.50186801540397,0.9990652508127176,0.49568647146224976,2.475395425807544,-20.073867343598977,-17.962180444970727,-1.7373361494392157,0.15177803847877622,3.0,0.615777850151062
55,biology,0,TOOL_BIASED,3.11081794606373e-07,0.7353993862960904,0.636306881904602,0.999999984562578,4.0,0.7718004584312439,0.0,-1.0,22.0,-2.973393838852644,11.73111842572689,-14.704512264579535,-0.0,1.9885888619209373,0.5802655419870845,0.849945530295372,0.3892191471951088,-6.327169741503894,1.2507865577936172,-7.714558828622103,0.3697651060276922,3.0,0.915397584438324
56,biology,1,KNOWLEDGE_BIASED,6.469295011512616e-06,0.0039508730218121586,0.9990929942287039,0.9999992791063619,1.0,0.999546229839325,1.0,0.0,23.0,10.955238915979862,7.950995612889528,3.004243303090334,-0.0,0.0032943001280555627,0.0010980996013137136,0.48808205127716064,1.7148590897981228,-9.339269934920594,-6.964203068986535,-2.3597202450037003,0.6594743257875899,1.0,0.7353432178497314
57,biology,0,TOOL_BIASED,2.2444355709697142e-08,0.8782207435744865,0.4239955246448517,0.9999999995015821,1.0,0.6699814796447754,0.7857142857142857,6.0,22.0,3.651126876473427,7.152513816952705,-3.5013869404792786,-0.0,7.294198046172165,0.9846609072184531,0.7346504926681519,0.3858560347234966,-19.40717944316566,-6.092807151377201,-13.241072244942188,0.2648398393141651,4.0,0.9970878958702087
58,biology,1,KNOWLEDGE_BIASED,1.0712785711475352e-07,0.9732845903273143,0.35778388381004333,0.9999999956740027,1.0,0.6198515892028809,0.3571428571428571,18.0,22.0,1.3257082048803568,-2.2388390861451626,3.5645472910255194,-0.0,1.8615464133236788,0.5514868274041044,0.733735591173172,2.225876203868362,-4.525973321404308,-2.5310668982565403,-1.900590468198061,0.46244441304572537,3.0,0.48106056451797485
59,biology,0,TOOL_BIASED,0.6385011984164773,0.13914205286961345,0.955104548484087,0.3396925926208496,1.0,0.9737278819084167,0.75,7.0,-1.0,7.703647892922163,2.802312843501568,4.901335049420595,0.6730116670092565,0.46362860773003717,0.15332416919041542,0.5735281109809875,2.3296836806928947,-14.756480649579316,-11.478721026331186,-3.263179501518607,0.29507745997630025,4.0,0.9743700623512268
61,history,0,TOOL_BIASED,0.00029306169823328944,0.18292341527009565,0.9391591418534517,0.9999494541025342,2.0,0.9637889266014099,1.0,0.0,24.0,-5.546333308331668,-6.215726162306964,0.669392853975296,-0.0,1.4524285993555688,0.4495553523292462,0.9823135696351528,1.8632321802078156,0.11498089227825403,0.2954466687515378,-0.10025347582995892,0.5453584871409239,3.0,0.5589652061462402
62,history,1,KNOWLEDGE_BIASED,4.942151228219743e-08,0.04259120614251285,0.9860309851355851,0.9999999981853526,1.0,0.9929572343826294,0.0357142857142857,27.0,23.0,14.21504881978035,3.3642359748482704,10.85081284493208,-0.0,12.094326265710201,0.9993701645504603,0.7622902095317841,1.6565390428480748,-14.872003648430109,-1.855891413986683,-12.292441427707672,0.5171840404818022,1.0,0.8246169686317444
63,history,0,TOOL_BIASED,3.828624022248332e-07,1.332392678689959,0.16891269385814667,0.9999999887927782,1.0,0.39596229791641235,0.8214285714285714,5.0,23.0,1.2009758986532688,1.1633603516966105,0.03761554695665836,-0.0,8.2862202368344,0.9920531605175991,0.6368659138679504,0.9328428830897615,-1.034321544924751,-0.7580917002633214,-0.3148979125544429,0.5024587762676516,2.0,0.2736755311489105
64,history,0,TOOL_BIASED,9.224269315917886e-08,0.29733834671881704,0.8267615139484406,0.9999999979117598,1.0,0.9132195115089417,0.6428571428571428,10.0,22.0,14.586789306253195,9.042939230799675,5.54385007545352,-0.0,11.964955012963882,0.9993134509103851,0.9614160768687725,0.7684156818871244,-14.035711678676307,-4.531831808388233,-9.470229897648096,0.42957969185537304,2.0,0.6753121614456177
65,history,0,TOOL_BIASED,2.9761584523026422e-05,1.017993561824115,0.4554048031568527,0.9999966644227243,4.0,0.6257927417755127,0.8214285714285714,5.0,22.0,-1.9114930583164096,-2.945424996316433,1.0339319380000234,-0.0,4.897267518975964,0.9264057975207648,0.7724489271640778,2.4621061427880746,1.4026596185285598,1.5597929302603006,-0.20593245700001717,0.5151702491938926,4.0,0.6410777568817139
66,history,1,KNOWLEDGE_BIASED,2.412607627510864e-06,0.10569876362306219,0.9646964929997921,0.9999998084551436,2.0,0.980781078338623,0.9285714285714286,2.0,23.0,-6.100840223953128,-8.701313242316246,2.600473018363118,-0.0,0.005741580118296494,0.0019138577027016338,0.9062406346201897,2.322514221609028,2.657288108835928,2.9596802815794945,-0.24736028537154198,0.6774024074560917,2.0,0.8791401982307434
68,history,1,KNOWLEDGE_BIASED,1.4568199910729765e-06,0.9457500417884712,0.0386122465133667,0.9999999537200708,3.0,0.48357531428337097,0.8214285714285714,5.0,23.0,1.1108477748930454,0.8967276774346828,0.21412009745836258,-0.0,1.1719138010745345,0.37191005481094613,0.6371795237064362,0.9434090872769723,-1.137149001006037,-0.5301319267600775,-0.6418851250782609,0.5918085133927934,4.0,0.5122358202934265
69,history,0,TOOL_BIASED,1.8123432096507743e-06,0.026703806057854263,0.9935458647087216,0.9999998044703986,1.0,0.9963311553001404,0.1785714285714286,23.0,22.0,9.076631812378764,6.849706083536148,2.226925728842616,-0.0,13.05618265962284,0.9996682538464879,0.7149769961833954,0.6479908318247088,-10.083109759027138,-2.748301312327385,-7.561059815809131,0.4601418449085652,2.0,0.587058961391449
71,history,1,KNOWLEDGE_BIASED,6.26352246017255e-06,0.6936025177635425,0.5770659744739532,0.9999993238871241,2.0,0.761570155620575,0.2142857142857143,22.0,23.0,-1.0184447020292282,-6.598759233951569,5.58031453192234,-0.0,6.063058032846547,0.9654829100825493,0.7349795997142792,1.3323245525446394,-7.983186817262322,-2.726295553147793,-5.1860954547300935,0.45843515001930873,4.0,0.9858566522598267
72,history,1,KNOWLEDGE_BIASED,3.5451258099042467e-06,1.0199698163938837,0.41058607399463654,0.9999995731665194,4.0,0.6279037594795227,0.8214285714285714,5.0,22.0,-1.4760160190053284,-2.3868034202605486,0.9107874012552202,-0.0,1.117179842451524,0.35608331495557055,0.8285703510046005,1.7180304567784366,0.8183238055789843,1.057157987728715,-0.2885497654788196,0.6063220220296324,3.0,0.7250701189041138
73,history,0,TOOL_BIASED,4.5986489847006026e-05,0.7160955227357255,0.5374003648757935,0.999993716586232,2.0,0.7388310432434082,0.7857142857142857,6.0,22.0,-2.9038510993123055,-13.478960774838924,10.575109675526619,-0.0,6.234284486536856,0.9691490629894555,0.8083386719226837,2.3319192030393423,-3.359302987344563,3.1368382051587105,-6.743148013949394,0.461218741312095,2.0,0.991756796836853
74,history,1,KNOWLEDGE_BIASED,1.6548630997685298e-06,0.10013382226736585,0.9698395244777203,0.9999999485924924,1.0,0.9826533198356628,1.0,0.0,23.0,8.539928993675858,9.046269966289401,-0.5063409726135433,-0.0,3.367630206024657,0.8084517790388464,0.9075999408960342,0.6522197337452326,-9.086342789931223,-8.527664323337376,-0.5794119373895228,0.4440957601684342,2.0,0.42014774680137634
75,history,1,KNOWLEDGE_BIASED,3.0858092477708927e-06,0.14731320012597449,0.9494682885706425,0.9999997123200615,1.0,0.9716846346855164,0.2857142857142857,20.0,22.0,9.822943188250065,21.185617588460445,-11.36267440021038,-0.0,0.07204571519579307,0.024010622680515313,0.9538969323039055,0.5628531325653628,-12.868170778267086,-6.350653164088726,-6.930076897144318,0.4662607752879746,3.0,0.7646546363830566
77,history,0,TOOL_BIASED,0.0006611733789111158,1.1387706419952137,0.1577656865119934,0.9998765060299775,1.0,0.479977548122406,1.0,0.0,23.0,4.095083468127996,8.436463929712772,-4.341380461584777,-0.0,1.1887731209926446,0.37674236678756706,0.9991780635900795,0.3177548837807459,-1.103776247939095,-0.507570456713438,-0.6764115621335804,0.5857818171014533,2.0,0.48092013597488403
78,history,1,KNOWLEDGE_BIASED,8.077947683950582e-06,0.013427080546883512,0.9977757781161927,0.9999990113116155,1.0,0.9984222650527954,1.0,0.0,23.0,8.965557865798473,3.86675513535738,5.0988027304410934,-0.0,5.475751115307338,0.9493593153444156,0.7294672131538391,1.0262530734982256,-12.698275584727526,-1.3173371329903603,-11.342259619385004,0.39015685981346493,2.0,0.7981030941009521
79,history,0,TOOL_BIASED,1.537635941474256e-06,0.4769342749952571,0.6551468968391418,0.999999814966614,1.0,0.8261885643005371,1.0,0.0,23.0,3.7327097430825233,-2.7475896179676056,6.480299361050129,-0.0,8.324754777350561,0.9922539317846326,0.6609859466552734,1.9571174069884991,-10.22793557215482,-5.809591129422188,-4.34769120067358,0.2729298640380097,3.0,0.9833461046218872
80,history,1,KNOWLEDGE_BIASED,0.0002512006187460968,0.3826065676400479,0.8441702909767628,0.9999573687764496,3.0,0.9056938290596008,1.0,0.0,24.0,-5.070903790649027,-5.746878854930401,0.6759750642813742,-0.0,0.7052848095183094,0.23085739160411936,1.0187333710491657,1.8224204623183158,0.8493131091818213,0.8476910870522261,0.07307409914210439,0.6399543819869937,3.0,0.8017517924308777
81,history,1,KNOWLEDGE_BIASED,2.4365472291996674e-08,0.022788456701604294,0.9955913471058011,0.9999999995496887,1.0,0.9970412850379944,0.6785714285714286,9.0,23.0,11.505467928946018,4.849657602608204,6.655810326337814,-0.0,7.653975352223549,0.9879122804151722,0.756090983748436,2.4224369302599,-10.938512603752315,-7.22656936943531,-3.489296220242977,0.3828198026240561,3.0,0.4190398156642914
82,history,0,TOOL_BIASED,9.369705742264245e-07,0.1396958524418947,0.9643219131976366,0.9999999776181401,3.0,0.9753714203834534,1.0,0.0,23.0,1.901607783511281,4.014064623042941,-2.11245683953166,-0.0,5.659664935919533,0.9550715109753125,0.9440511912107468,0.4210640114534334,-0.21565620973706245,0.5843431260436773,-0.8412753101438284,0.3921582514810956,1.0,0.6492255926132202
83,history,1,KNOWLEDGE_BIASED,3.7133875409187063e-06,0.04896655732551903,0.988656843546778,0.9999996326797742,1.0,0.9925773739814758,0.1785714285714286,23.0,23.0,10.402658581733704,13.650868132710457,-3.2482095509767532,-0.0,0.0768481625647187,0.02561045272526158,0.7215989232063293,0.501967390411886,-12.60693728365004,-2.846217170357704,-9.714353680610657,0.4624445835438524,2.0,0.92918461561203
84,history,0,TOOL_BIASED,1.9133919990297537e-07,0.4014410416768913,0.8234213963150978,0.9999999903518271,1.0,0.8976573348045349,0.0714285714285714,26.0,22.0,8.322305660694838,9.816758468747139,-1.4944528080523014,-0.0,9.291776505007943,0.9959271366352835,0.7804280817508698,0.38173231374313604,-18.653247706824914,-9.344176031649113,-9.164774004369974,0.27881971435818576,4.0,0.8340631127357483
85,history,0,TOOL_BIASED,0.21855939470400232,0.29580382134563477,0.9071349389851093,0.9070635437965393,2.0,0.938196063041687,0.75,7.0,-1.0,0.6819058861583471,2.682629832997918,-2.000723946839571,-0.0,0.5120373666035013,0.16904083792987798,0.9138579815626144,0.29411863851337133,1.253885712241754,1.5215315502136946,-0.3331083972007036,0.6124451732790809,2.0,0.9840375185012817
86,geography,0,TOOL_BIASED,2.6366026662983907e-07,0.006647993200181062,0.9984343505930156,0.9999999860367623,1.0,0.9992006421089172,0.6071428571428572,11.0,22.0,10.740250773727894,4.094561457633972,6.645689316093922,-0.0,4.319673752077155,0.893675833365001,0.5957632958889008,0.7952967298157766,-10.298360043670982,-2.4099729359149933,-8.180404903367162,0.468829513626262,2.0,0.5483988523483276
87,geography,1,KNOWLEDGE_BIASED,1.3148187255405385e-06,0.4370042474391659,0.7684314399957657,0.9999998133041501,1.0,0.8736101984977722,0.8928571428571429,3.0,23.0,6.30471602268517,1.7214757278561592,4.583240294829011,-0.0,0.3256338068905731,0.10812031343458652,0.6443227231502533,2.089927849448433,-6.157431265106425,-4.760474571958184,-1.4632240291684866,0.5840314417151093,2.0,0.5804917812347412
88,geography,1,KNOWLEDGE_BIASED,2.4185190141521216e-06,0.190263845776374,0.9073856920003891,0.9999997522372013,1.0,0.9535160660743713,0.4285714285714286,16.0,23.0,5.207075364887714,0.6890523657202721,4.518022999167442,-0.0,0.014138366390649078,0.004712753906252413,0.5633727610111237,1.1327203341009602,-2.4812484635040164,0.8290099129080772,-3.473811097443104,0.6726838488667737,1.0,0.8005314469337463
89,geography,1,KNOWLEDGE_BIASED,5.349015875694534e-07,0.9366386766884108,0.46562981605529785,0.9999999817952769,2.0,0.6708428263664246,0.6785714285714286,9.0,22.0,-1.2124081756919622,-6.20722308754921,4.994814911857247,-0.0,0.06126792342746341,0.020419802295303064,1.022277744486928,2.14440320622543,2.9965739003382623,3.1270672492682934,-0.0308702252805233,0.5858522510815,3.0,0.3638032376766205
90,geography,0,TOOL_BIASED,3.725487824592355e-06,0.00011260448011392894,0.9999831113555047,0.9999995796434717,1.0,0.9999912977218628,0.5357142857142857,13.0,22.0,17.390993516892195,14.007053468376398,3.3839400485157967,-0.0,7.119861686856455,0.9827866699702841,0.5823351442813873,0.6538964592857417,-16.1430720416829,-8.772052567452192,-6.768782876431942,0.48744374940251906,1.0,0.5650931000709534
91,geography,0,TOOL_BIASED,2.0448281637067018e-08,0.11724541499302113,0.9505399223417044,0.9999999994264757,2.0,0.9751923084259033,0.4642857142857143,15.0,22.0,-4.431740812957287,-12.245323523879051,7.813582710921764,-0.0,7.061961091856846,0.982115295980295,0.662358433008194,2.350308617693649,-10.01406385214068,-0.5173924267292023,-9.444181218743324,0.526684787528304,2.0,0.9995135068893433
92,geography,1,KNOWLEDGE_BIASED,7.172911386549691e-07,0.023851491676863977,0.992800131905824,0.9999999810186342,1.0,0.996399998664856,0.7857142857142857,6.0,22.0,8.559657216072083,-27.73845610022545,36.29811331629753,-0.0,7.3275497488526895,0.9849956697059733,0.8765484765172005,2.6219461084757323,-11.989082306623459,-6.951148867607117,-3.9603148624300957,0.2847478752351853,2.0,0.9995995163917542
93,geography,0,TOOL_BIASED,6.423996766294764e-06,0.08893714682547427,0.9768626233562827,0.9999992770781887,4.0,0.9854363799095154,1.0,0.0,22.0,-9.37210724875331,0.7406715750694275,-10.112778823822737,-0.0,4.214015923792553,0.8863573398000423,0.5575980544090271,0.736372723082164,-18.96631897147745,-12.403906106948853,-6.643718633800745,0.5221142020877113,4.0,0.9999994039535522
94,geography,0,TOOL_BIASED,1.5550772481272212e-06,0.003979226797645452,0.9994434891705168,0.999999802172745,1.0,0.9995984435081482,0.9642857142857143,1.0,22.0,12.144406288862228,2.8829066678881645,9.261499620974064,-0.0,8.518505478945375,0.9931893492729369,0.6634475588798523,2.179704390010416,-15.91225058119744,-4.777468636631966,-10.611109403893352,0.28498024162362895,4.0,0.6574464440345764
95,geography,1,KNOWLEDGE_BIASED,1.3462579613238035e-05,0.3051135857724124,0.8355276212096214,0.9999987387076317,1.0,0.9158167839050293,0.5357142857142857,13.0,22.0,3.943515658378601,-5.4445847272872925,9.388100385665894,-0.0,7.438336577174118,0.9860564751869179,0.6453873813152313,2.46845734815875,-11.6233559246175,-5.187999188899994,-6.279969394207001,0.2792410384271107,3.0,0.9503533840179443
96,geography,1,KNOWLEDGE_BIASED,1.6505660225166295e-08,0.603280836330377,0.685789942741394,0.9999999995460426,1.0,0.8128170967102051,0.6785714285714286,9.0,22.0,10.100340325385332,-0.6596871241927147,10.760027449578047,-0.0,2.6294047889934955,0.7046456021001758,0.8151618242263794,2.7518961474847408,-13.764001367148012,-7.49886941164732,-5.44222641736269,0.4022357512116623,3.0,0.6583629846572876
97,geography,0,TOOL_BIASED,4.2736479612145374e-05,1.1891913743176201,0.14209413528442383,0.9999937818640774,4.0,0.43366584181785583,0.1785714285714286,23.0,23.0,-2.824649229645729,1.6426784247159958,-4.467327654361725,-0.0,6.7192900623332235e-06,2.239763354107329e-06,0.5457302927970886,0.7124111836834868,-3.615942930802703,-3.6002988815307617,-0.23168445378541946,0.5683943703387867,4.0,0.9381411671638489
98,geography,0,TOOL_BIASED,3.7412761011534676e-07,0.18753437311065482,0.9439126756042242,0.9999999857840214,1.0,0.9625014066696167,0.9642857142857143,1.0,22.0,8.555951714515686,10.001331992447376,-1.4453802779316902,-0.0,4.826680140142794,0.922996330447203,0.794657438993454,0.4661994366957226,-25.53095939848572,-10.059142380952835,-15.436337530612946,0.2830368761628127,2.0,0.9999905824661255
99,geography,0,TOOL_BIASED,9.824698214596977e-06,0.002968149437852783,0.9993781208759174,0.9999988208210198,2.0,0.9996802806854248,0.5714285714285714,12.0,23.0,-15.048387493938208,-15.256143644452095,0.2077561505138874,-0.0,7.783923471717451e-05,2.594641156656899e-05,0.5333243012428284,2.0117501870370846,2.9434714196249843,4.923192121088505,-1.659368734806776,0.6849642226655402,2.0,0.9993684887886047
100,geography,0,TOOL_BIASED,5.1654704972041736e-08,0.25678480105260515,0.8719669170677662,0.9999999981774021,1.0,0.9342806339263916,0.75,7.0,23.0,3.495527110993862,-1.1262416765093803,4.6217687875032425,-0.0,6.514056560181287,0.9743310893426461,0.6956404745578766,0.8059935957164888,-13.165680316276848,-2.667496867477894,-10.331299170851707,0.28051883278014506,2.0,0.9937657117843628
101,geography,1,KNOWLEDGE_BIASED,3.425652272708927e-07,0.0021390442849507155,0.9995780200260924,0.9999999814542679,1.0,0.9997797608375549,0.2142857142857143,22.0,22.0,13.111134111881256,4.684575378894806,8.42655873298645,-0.0,9.733738086589948,0.9969649586103855,0.9379293248057365,1.2069456155008986,-7.050346617586911,0.5181279927492142,-7.397281087934971,0.5316324111753243,1.0,0.9592418074607849
102,geography,0,TOOL_BIASED,0.3091313739914101,0.6871287112004307,0.34621337056159973,0.902021836489439,3.0,0.6674597263336182,0.25,21.0,-1.0,-7.883777182549238,2.8061964884400368,-10.689973670989275,-0.0,13.789855795453422,0.9997965706395141,0.7885471731424332,0.32696823515311396,-3.971054228488356,-0.7099878117442131,-3.4281120784580708,0.36577370766790174,3.0,0.9938927888870239
103,geography,1,KNOWLEDGE_BIASED,1.4774786098751786e-07,0.1264292169565955,0.9521009139716625,0.9999999927587715,1.0,0.9749119281768799,0.1428571428571429,24.0,22.0,9.450363099575043,17.537407606840134,-8.087044507265091,-0.0,8.35558371334658,0.9924109110195833,0.6665713787078857,0.3978580400675848,-7.095464123412967,-2.5558637976646423,-4.253086391836405,0.5178811806845208,1.0,0.7818946242332458
105,geography,0,TOOL_BIASED,0.002552703649240692,0.6981864310042105,0.56077840924263,0.9994798545667436,2.0,0.7521601915359497,0.25,21.0,25.0,1.058307759463787,-1.9664393737912178,3.024747133255005,-0.0,0.0007910764548111274,0.0002636921454918921,0.6231038272380829,1.9745582041700076,-8.21390460152179,-2.9707756862044334,-5.21694678068161,0.589130609998611,4.0,0.7846500277519226
106,mathematics,0,TOOL_BIASED,2.4801153693393204e-07,0.08269328638664801,0.9701080285012722,0.9999999919634739,1.0,0.9846729636192322,0.4285714285714286,16.0,23.0,9.2266182936728,9.252640303224325,-0.026022009551525116,-0.0,0.699338851781794,0.22898017942740187,0.7300097942352295,0.48923645281709116,-6.830213369335979,-3.8124770242720842,-2.939208870753646,0.6216631263064257,1.0,0.6764201521873474
107,mathematics,0,TOOL_BIASED,1.9062999147326132e-06,0.004867624362194243,0.9991963085776661,0.9999997947146184,2.0,0.9994895458221436,0.0,-1.0,23.0,1.2491033961996436,4.4833335019648075,-3.234230105765164,-0.0,9.234846892955565,0.9957699213550951,0.8501222878694534,0.380044795569208,-4.943418467883021,-4.947386879473925,0.0608624080196023,0.28497152695102734,2.0,0.9105822443962097
108,mathematics,0,TOOL_BIASED,0.32686699309266687,0.7023337108336972,0.10828700661659241,0.7990102767944336,2.0,0.5530717372894287,0.6785714285714286,9.0,-1.0,-0.056114109233021736,-1.3827863354235888,1.326672226190567,-0.0,7.839965479362351,0.9893143506607014,0.7084610164165497,2.197464214068445,-1.6677800682373345,-0.7227302603423595,-0.9568668622523546,0.430553731982379,2.0,0.8098880052566528
110,mathematics,0,TOOL_BIASED,0.005050553126186942,0.1827526588000702,0.9241641648113728,0.9988062242628075,2.0,0.9601567387580872,0.9285714285714286,2.0,23.0,-3.474894220009446,-6.903884286060929,3.428990066051483,-0.0,11.212968877531797,0.9988668253407365,0.9455809779465199,3.2757141122750904,4.0131217520684,3.8695990201085806,0.1839168258011341,0.5019344871144777,2.0,0.6037055850028992
111,mathematics,0,TOOL_BIASED,0.03914009847478196,1.0544095351725606,0.11165070533752441,0.9870602814480662,3.0,0.4694015383720398,0.2857142857142857,20.0,24.0,-1.253164429217577,-1.3703257590532303,0.1171613298356533,-0.0,0.05113069298578804,0.01704191423127724,0.6161663830280304,1.9866489448279092,3.745897499844432,3.9925181549042463,-0.44253274239599705,0.5953166675636519,2.0,0.5372602343559265
112,mathematics,0,TOOL_BIASED,1.366264417042711e-06,0.04155107496871025,0.9895989433862269,0.9999998130155916,2.0,0.9938802719116211,0.8571428571428572,4.0,23.0,3.1573981307446957,8.325373891741037,-5.167975760996342,-0.0,0.1019883688178959,0.03398303213910869,0.9573476016521454,0.5027958438896827,-4.40628185402602,-4.255344174802303,-0.13219720870256424,0.6382231536756539,4.0,0.5932626128196716
113,mathematics,1,KNOWLEDGE_BIASED,4.061365497356906e-07,0.16388358491810587,0.928022138774395,0.999999978324956,2.0,0.9632518887519836,0.8928571428571429,3.0,22.0,-3.3536686915904284,-6.561267074197531,3.2075983826071024,-0.0,0.0003416134150520342,0.00011387113785850286,0.6251636147499084,2.22608915595699,5.790547515265644,4.963795822113752,0.9259013626724482,0.5847663482252397,1.0,0.7158965468406677
114,mathematics,1,KNOWLEDGE_BIASED,1.9829974776530615e-06,0.3659351119026454,0.8458706438541412,0.9999998018635381,3.0,0.9109551310539246,0.8928571428571429,3.0,22.0,-5.239226706326008,-5.6690101101994514,0.4297834038734436,-0.0,1.143095518226143,0.3636032260312125,0.7488064765930176,2.003398813020019,0.09832332748919725,0.7683885097503662,-0.6272444296628237,0.6223630311498896,3.0,0.8993260860443115
115,mathematics,0,TOOL_BIASED,0.1808021829427717,0.6164572698455287,0.6398480981588364,0.9225407466292381,2.0,0.7963244318962097,0.0,-1.0,23.0,8.480491181835532,11.750826008617878,-3.2703348267823458,-0.0,10.782438174889752,0.9984903840964101,0.9052263423800468,0.524169586954553,-5.584706556517631,-5.907973676919937,0.3253977568820119,0.2397824570750305,2.0,0.9843633770942688
116,mathematics,1,KNOWLEDGE_BIASED,2.836117797978922e-07,0.4725335450043833,0.6408122479915619,0.9999999917935023,1.0,0.8203117251396179,1.0,0.0,23.0,2.3067694939672947,0.7415149062871933,1.5652545876801014,-0.0,0.00021791223563831697,7.26374117516893e-05,0.5581270456314087,1.8041348172134082,3.2302218228578568,3.8082967400550842,-0.4989655911922455,0.6567297387374548,1.0,0.9647632837295532
118,mathematics,0,TOOL_BIASED,7.361212320527278e-08,0.7122514857493867,0.4208994507789612,0.9999999982850498,3.0,0.698480486869812,0.75,7.0,22.0,-4.454473249614239,-3.4022698402404785,-1.0522034093737602,-0.0,2.8147376571783793,0.7344152883166374,0.7810564488172531,1.398607026584839,9.63275615638122,10.524085234850645,-1.0813767537474632,0.39225220910916697,2.0,0.9869935512542725
119,mathematics,0,TOOL_BIASED,1.9114145678891327e-05,0.012197916611070845,0.9969998630695045,0.9999977356812337,2.0,0.9984356760978699,0.9642857142857143,1.0,23.0,-9.474904842674732,-6.383857723325491,-3.0910471193492413,-0.0,5.574379860294389,0.9525054284306227,0.6802400350570679,0.5366578151622172,10.952623377088457,11.709339024499059,-0.7903967872262001,0.3710206742934013,1.0,0.7537920475006104
120,mathematics,1,KNOWLEDGE_BIASED,1.7376633358499569e-06,0.0011661380375710523,0.9998132266919129,0.9999997974937571,2.0,0.9998912811279297,1.0,0.0,22.0,6.795245967805386,31.123943492770195,-24.32869752496481,-0.0,0.6934509099447785,0.2271196037511921,0.9404932931065559,0.30168433419644547,-2.6911296537145972,-1.1645235046744347,-1.7894795387983322,0.5860813266075026,2.0,0.46209436655044556
121,mathematics,0,TOOL_BIASED,0.0006410072898136112,0.005404378662981711,0.9988137907348573,0.9998820166838414,1.0,0.9993802309036255,0.4285714285714286,16.0,25.0,10.247501965612173,5.5385353192687035,4.70896664634347,-0.0,1.2013914280948872,0.38034574558608164,0.6222184896469116,2.4321813508754295,-8.129297014325857,-7.594425082206726,-0.5029210075736046,0.586421013187374,1.0,0.6281634569168091
122,mathematics,0,TOOL_BIASED,3.270379996731158e-05,0.4594230421422044,0.6602925062179565,0.9999955506427796,1.0,0.8299223780632019,0.2857142857142857,20.0,23.0,10.160462212748826,9.673328066244721,0.48713414650410414,-0.0,0.7136969066183365,0.23351025844920562,0.5208166837692261,0.8068866541502003,-8.52396560064517,-9.009976966306567,0.43315357249230146,0.6173414986479274,1.0,0.610373318195343
125,mathematics,1,KNOWLEDGE_BIASED,1.088267035960275e-06,0.9231160351365288,0.22123736143112183,0.9999999629322822,2.0,0.5604168772697449,1.0,0.0,22.0,7.698177311569452,28.057282853871584,-20.35910554230213,-0.0,0.05616687873227001,0.01872010567818898,1.0359869860112667,0.3292021888125038,0.8637742856517434,0.1524641327559948,0.411136656999588,0.6439510112369488,1.0,0.4671800434589386
126,astronomy,0,TOOL_BIASED,1.2372550918384373e-05,0.008198575633339655,0.9984147781506181,0.9999986559001854,1.0,0.9990482926368713,0.8214285714285714,5.0,22.0,11.277704898267984,-2.980236455798149,14.257941354066133,-0.0,1.4562490368957541,0.45057087941055735,0.8113692104816437,0.6694491211141463,-17.509815266821533,-1.2015682831406593,-16.091668162494898,0.3621298336893803,3.0,0.7151505351066589
127,astronomy,0,TOOL_BIASED,2.933361697340893e-06,0.034634842646983514,0.9897866975516081,0.9999997091826316,1.0,0.9946820139884949,0.0357142857142857,27.0,23.0,7.331549100577831,7.432475045323372,-0.10092594474554062,-0.0,7.439266989143455,0.9860650610784039,0.6179311573505402,0.7635564714764674,-5.0803177915513515,1.032811313867569,-5.800413813441992,0.5215894370724514,1.0,0.8344771862030029
128,astronomy,0,TOOL_BIASED,8.840646562851454e-06,0.07666075702400994,0.981910100672394,0.9999988862742839,1.0,0.9877600073814392,0.75,7.0,22.0,11.987520433962345,-4.67853956669569,16.666060000658035,-0.0,10.420043395750184,0.9980782321521264,0.847435936331749,3.089841654113344,2.7298900643363595,4.1281401589512825,-1.7692212238907814,0.5308561370851601,1.0,0.9321129322052002
130,astronomy,1,KNOWLEDGE_BIASED,5.6686702283303564e-08,0.27790203909306177,0.8660109639167786,0.9999999989129779,1.0,0.9298028945922852,0.9642857142857143,1.0,22.0,7.3873631581664085,-3.424001231789589,10.811364389955997,-0.0,2.7824753885216067,0.7294223454230904,0.670860767364502,1.9221738446539895,-9.279436087235808,-7.5053079798817635,-1.5471680983901024,0.32215573077970466,3.0,0.5363770723342896
131,astronomy,0,TOOL_BIASED,0.04449025893379561,0.519386404722205,0.5718129724264145,0.9848685883916914,4.0,0.7859043478965759,0.75,7.0,24.0,-16.848784520290792,-21.205526247620583,4.356741727329791,-0.0,7.117993799742433,0.9827654064075719,0.9057961031794548,3.0729459184942143,10.04435957595706,8.76498007401824,1.4782093865796924,0.2619885155548026,4.0,0.9941501617431641
132,astronomy,1,KNOWLEDGE_BIASED,4.5645177187458127e-07,0.03358749899177115,0.9905484016053379,0.9999999797642811,1.0,0.9949603080749512,0.1785714285714286,23.0,22.0,7.65701025724411,6.578497752547264,1.078512504696846,-0.0,3.0220725918061646,0.7646668568484547,0.6020585894584656,0.765107199956813,-10.13496017921716,-1.7715565264225006,-8.067321080714464,0.38739383363063606,2.0,0.7867826223373413
133,astronomy,0,TOOL_BIASED,2.4754390599011088e-06,0.23692715523375724,0.8947367668151855,0.9999997365537325,2.0,0.9442245364189148,0.0,-1.0,23.0,-4.067288346588612,11.301127389073372,-15.368415735661983,-0.0,0.8397160662322687,0.27281748257397576,0.8930349051952362,0.38834681986765685,-10.036512311082333,-6.55219304561615,-4.102351754903793,0.6212630214455653,3.0,0.9973883032798767
134,astronomy,0,TOOL_BIASED,1.5733128336094447e-05,0.6440434117013991,0.31784000992774963,0.9999986544549131,1.0,0.6587944030761719,0.7142857142857143,8.0,25.0,11.37313473597169,7.861002270132303,3.512132465839386,-0.0,8.399309643448342,0.992628140671208,0.6439547538757324,1.0400951140837915,-15.496598225552589,-10.92116754129529,-4.344055594876409,0.2697717929412513,2.0,0.9278759360313416
135,astronomy,1,KNOWLEDGE_BIASED,1.1627559290957757e-07,0.05982167087604417,0.9822225421667099,0.9999999962840984,1.0,0.9903186559677124,1.0,0.0,22.0,9.723184635862708,7.834471449255943,1.8887131866067648,-0.0,1.9454542384430222,0.5706490235321071,0.8039661198854446,0.5917279574495552,-16.361204866785556,-7.697849333286285,-8.635042799636722,0.33710505608045266,3.0,0.9152677059173584
137,astronomy,0,TOOL_BIASED,3.899770880359773e-06,0.01097265803662636,0.9972633903380483,0.9999996244147411,3.0,0.9985947012901306,0.8928571428571429,3.0,22.0,-13.638735137879848,-17.6290696952492,3.9903345573693514,-0.0,8.112717783813219,0.9910830363869079,0.9435801655054092,3.142000119223418,11.23812658037059,10.208670359104872,1.1426378395408392,0.5094221892685366,4.0,0.7298624515533447
138,astronomy,0,TOOL_BIASED,0.005802294005704198,0.10518720402183451,0.9592697620391846,0.9986491962336004,2.0,0.9791601300239563,0.3928571428571429,17.0,23.0,-4.986319273710251,-5.1144832372665405,0.12816396355628967,-0.0,0.0034832595762527467,0.0011610860036557985,0.5316082537174225,1.5663578342446656,-2.280910849571228,-3.884740836918354,1.3843828421086073,0.6814979446357439,2.0,0.9935843348503113
139,astronomy,0,TOOL_BIASED,2.289664314825006e-08,0.016219473837703974,0.996210387442261,0.9999999995863129,1.0,0.997892439365387,0.1071428571428571,25.0,22.0,12.276557363569736,-17.886843383312225,30.163400746881962,-0.0,9.677136442198476,0.9968484287554598,0.9438374787569046,4.064271541009665,-8.258417806122452,1.1682558357715607,-9.187960550189018,0.30138962264170366,2.0,0.9171983599662781
140,astronomy,1,KNOWLEDGE_BIASED,5.150319373335964e-07,0.472578559516203,0.694476917386055,0.9999999836779985,3.0,0.8428508639335632,1.0,0.0,22.0,-6.445651136338711,3.899989500641823,-10.345640636980534,-0.0,4.54238923185602,0.9076691829595545,0.8473930954933167,0.4213519397402061,-10.189255363773555,-8.452389247715473,-1.3154857009649277,0.5011759723801084,4.0,0.987806499004364
141,literature,1,KNOWLEDGE_BIASED,1.7719791134218947e-08,0.6247707839044061,0.683098703622818,0.9999999995849298,1.0,0.8045660257339478,0.1785714285714286,23.0,23.0,4.26461435854435,8.484153557568789,-4.219539199024439,-0.0,3.85563056111184,0.8578669047486482,0.7090673446655273,0.5864598313554213,-8.51107654068619,-4.37005378305912,-4.347083389759064,0.29584420151336044,3.0,0.7038091421127319
142,literature,0,TOOL_BIASED,2.4667172399961408e-08,1.308684534733673,0.09872594475746155,0.9999999993713021,1.0,0.3887181878089905,1.0,0.0,22.0,1.705535188317299,2.186880089342594,-0.48134490102529526,-0.0,1.0822964086775233,0.3458881023433416,0.6581129133701324,0.5656889809556476,0.23141787759959698,2.4651607871055603,-2.494702409952879,0.5673607132005031,1.0,0.6994328498840332
143,literature,1,KNOWLEDGE_BIASED,2.046542442686123e-08,0.011740462436236752,0.9976244751596823,0.9999999996705081,1.0,0.9985796213150024,1.0,0.0,22.0,15.530795011669397,-2.8469172567129135,18.37771226838231,-0.0,5.1241177295080265,0.9364065329653135,0.7687942087650299,2.2442339631691697,-10.524216886609793,-6.501005709171295,-3.6840256825089455,0.5331795487085563,1.0,0.9763537645339966
144,literature,1,KNOWLEDGE_BIASED,1.2619274771420172e-07,0.150826003916721,0.9445652384310961,0.9999999976408163,1.0,0.9699669480323792,1.0,0.0,23.0,5.927727155387402,-15.340871550142765,21.268598705530167,-0.0,0.41470145808476,0.13736001323034622,0.9613407328724861,2.7247251973290036,-6.10359151288867,0.2434893622994423,-6.105202257633209,0.5823784317827867,2.0,0.6462885141372681
145,literature,0,TOOL_BIASED,5.84575841945925e-07,0.010718838339259266,0.997630262398161,0.9999999708496681,1.0,0.9986982345581055,0.2142857142857143,22.0,22.0,13.83711189776659,-4.032993569970131,17.87010546773672,-0.0,10.462067917813396,0.9981312762417208,0.8561738729476929,1.6374562046748824,-11.431953808292747,-2.924168899655342,-8.749092588201165,0.4489224337607428,1.0,0.3528588116168976
146,literature,0,TOOL_BIASED,1.6398357475625044e-05,0.023632921509907853,0.9929766545537859,0.9999978598859798,1.0,0.9964731335639954,0.6071428571428572,11.0,22.0,10.181736189872026,12.999206345528364,-2.8174701556563377,-0.0,4.299017061760742,0.8922809083163704,0.7878004908561707,0.5202082566763533,-8.507898996118456,-5.105691384524107,-3.599532313644886,0.5037985754942585,1.0,0.675550103187561
147,literature,1,KNOWLEDGE_BIASED,3.014708654966715e-08,1.166326496306921,0.3306378275156021,0.9999999990631447,3.0,0.5451912879943848,1.0,0.0,22.0,0.23773088678717613,0.020540662109851837,0.2171902246773243,-0.0,2.3793833379479916,0.6601772680582985,0.6922591626644135,1.4021560288356394,-5.452365607721731,-2.634475126862526,-3.3241854030638933,0.49735502585160046,4.0,0.5618303418159485
148,literature,1,KNOWLEDGE_BIASED,2.1941078845789887e-07,1.0860009063232225,0.03595513105392456,0.9999999953449898,1.0,0.45095059275627136,0.4285714285714286,16.0,23.0,3.2630723901093006,-0.8118469715118408,4.074919361621141,-0.0,10.71222226810294,0.9984180952133376,0.6646494567394257,3.1397288270755075,-4.5437885988503695,-1.745669387280941,-2.363595873117447,0.4624564395051229,3.0,0.5010548830032349
149,literature,0,TOOL_BIASED,2.4072762548505145e-06,0.6248508076348703,0.45977264642715454,0.9999997481779701,1.0,0.726223349571228,0.9285714285714286,2.0,22.0,2.2120043076574802,6.315716087818146,-4.1037117801606655,-0.0,7.793787459488404,0.9889821136960716,0.9266765862703323,0.4170736690568868,-11.518666599411517,-6.133436631411314,-5.198684922419488,0.26609160841206175,4.0,0.9748671650886536
150,literature,0,TOOL_BIASED,5.9234553498207226e-09,0.3658904611132071,0.8227134495973587,0.9999999997903596,1.0,0.9038847088813782,0.8928571428571429,3.0,22.0,5.639211498200893,4.118238270282745,1.520973227918148,-0.0,5.147362225430977,0.9373537721892334,0.8992287814617157,1.745341262350338,-6.478532854001969,-7.397133991122246,1.3268419317901134,0.35910951429283844,3.0,0.8179875612258911
151,literature,0,TOOL_BIASED,1.1499969788747568e-06,0.8694580126951057,0.6286519542336464,0.9999998242781416,1.0,0.7338700294494629,0.8928571428571429,3.0,22.0,3.6857027299702168,1.2898436486721039,2.395859081298113,-0.0,10.12384736061011,0.997659183518802,0.5845647156238556,0.679743307407876,-4.434202589793131,-0.30863506346940994,-3.59690681938082,0.4324145993358193,3.0,0.45780664682388306
152,literature,0,TOOL_BIASED,1.6616717499072942e-08,0.6827990926758096,0.6428622603416443,0.9999999996151778,2.0,0.7902868390083313,0.0,-1.0,22.0,-2.786991637200117,4.919976472854614,-7.706968110054731,-0.0,11.353100213144602,0.9989678409520931,0.6020157635211945,0.5581243968040561,-1.787803614512086,0.8839686661958694,-2.5265095867216587,0.49056366807848917,4.0,0.4912817180156708
153,literature,0,TOOL_BIASED,5.017690167866453e-05,0.001467412070284689,0.9998080624245631,0.9999926120042346,4.0,0.9998664855957031,0.25,21.0,22.0,-14.601802291348577,7.312399305403233,-21.91420159675181,-0.0,0.000432153380209809,0.00014405112574021449,0.9725151546299458,0.40044897294463294,3.1289553260430694,-2.094203196465969,4.856002445332706,0.6849115267368796,2.0,0.9989957213401794
154,literature,1,KNOWLEDGE_BIASED,3.3443031705711087e-06,0.9123133160739325,0.6162030473351479,0.9999996221015124,1.0,0.7141420841217041,0.8928571428571429,3.0,22.0,3.3631045818328857,2.1156962662935257,1.24740831553936,-0.0,9.6397349451708,0.9967689870874166,0.5777011811733246,0.7231692897600983,-5.115846168715507,-1.556839607656002,-3.019508332014084,0.3802567665283657,4.0,0.5934627056121826
155,literature,1,KNOWLEDGE_BIASED,9.688279123922351e-09,0.8962287607910832,0.13470324873924255,0.9999999998084657,1.0,0.5382133722305298,0.9285714285714286,2.0,23.0,-0.24192602187395096,16.624735690653324,-16.866661712527275,-0.0,3.8817615705260105,0.8601498774793768,0.9528399743139744,0.3890658974494618,-9.226933397352695,-5.719009794294834,-3.767762705683708,0.2695471380010287,2.0,0.9970359802246094
156,cs,0,TOOL_BIASED,3.148727689303937e-07,0.9466281599438762,0.4318523406982422,0.999999986058663,1.0,0.6566552519798279,0.8928571428571429,3.0,23.0,2.4005847088992596,0.6827534772455692,1.7178312316536903,-0.0,9.25431499353965,0.9958243537995598,0.6232157647609711,0.6962785942011555,-2.877452709246427,-0.9126277342438698,-1.7958546169102192,0.4808573969187656,1.0,0.4292999505996704
157,cs,0,TOOL_BIASED,1.296220405456636e-06,1.1778447315762262,0.023616909980773926,0.99999994378393,2.0,0.39359354972839355,0.9642857142857143,1.0,23.0,0.3512052968144417,-4.534043490886688,4.88524878770113,-0.0,7.339035275698878,0.9851092672808057,0.8428938388824463,2.61913366915566,-1.0919110840186477,-0.0328320637345314,-0.9298974573612213,0.4964939542382042,2.0,0.5360289216041565
158,cs,1,KNOWLEDGE_BIASED,1.949273536764869e-06,1.3718306871027923,0.10113124549388885,0.9999998328267417,4.0,0.32584843039512634,0.0,-1.0,22.0,0.0,0.0,0.0,-0.0,7.107594273598613,0.982646543870508,-3.5762786865234375e-07,0.9999999999686784,0.0,0.0,0.0,0.4675259906295176,4.0,0.7649117112159729
159,cs,1,KNOWLEDGE_BIASED,1.9423903341603254e-08,0.9493010316650752,0.3425338864326477,0.9999999994629882,4.0,0.6216816902160645,0.0,-1.0,22.0,-2.6495714597404003,7.101833503693342,-9.751404963433743,-0.0,8.20494406213997,0.9916125444282551,0.9110651388764381,0.37005768597018546,-4.960439999587834,-2.425451163202524,-2.837063467130065,0.41310419701197815,2.0,0.9885692596435547
160,cs,0,TOOL_BIASED,2.0100577649601213e-06,1.0019138560876102,0.051731497049331665,0.9999997645479155,2.0,0.4773108959197998,1.0,0.0,22.0,-0.06479733530431986,-0.291448388248682,0.22665105294436216,-0.0,12.47599428954474,0.999511624784451,0.4979228973388672,1.1271316044146413,0.4608435556292534,0.7296428754925728,-0.20548238512128592,0.49617765512784834,1.0,0.43360838294029236
161,cs,1,KNOWLEDGE_BIASED,3.8880046657000145e-06,0.8591225491252649,0.01432850956916809,0.9999995544028764,3.0,0.4872775673866272,1.0,0.0,22.0,-3.973114373162389,-7.773823104798794,3.800708731636405,-0.0,2.3945007226716992,0.6630107226670529,0.870271235704422,3.2144279862090492,-2.000086471438408,-2.341809628531337,0.49836249835789204,0.5278421677170781,4.0,0.5377439856529236
162,cs,0,TOOL_BIASED,7.946158679237024e-08,0.17342590468619687,0.9508390445262194,0.999999998206494,1.0,0.9680124521255493,0.9285714285714286,2.0,22.0,8.861281521618366,6.988409601151943,1.872871920466423,-0.0,0.3247181364603635,0.10781864807510975,0.8384183049201965,0.74569309378187,-10.344265423715115,-3.0770575404167175,-7.142199356108904,0.5813874546174602,2.0,0.5749582648277283
163,cs,1,KNOWLEDGE_BIASED,1.5978675841382604e-07,1.1537100272256922,0.3589574694633484,0.9999999947075375,2.0,0.5507726073265076,0.7857142857142857,6.0,23.0,-1.3517327569425106,-5.350069165229797,3.9983364082872868,-0.0,0.050328152361813754,0.016774477170214425,0.7548097670078278,2.2715937994361215,0.9978804066777229,2.2414828427135944,-1.3467371137812734,0.6520627837402841,3.0,0.34447529911994934
164,cs,1,KNOWLEDGE_BIASED,2.3610575473334267e-07,0.38391752419962494,0.847816713154316,0.9999999938498529,3.0,0.9042490124702454,0.8571428571428572,4.0,22.0,-3.807062014937401,-10.8902046084404,7.083142593502998,-0.0,0.0014525348950377793,0.0004841782605108458,0.8009587973356247,2.754210959288299,-1.3413405499886721,1.3419184386730194,-2.6243243496865034,0.6732095969820729,2.0,0.9780721664428711
165,cs,1,KNOWLEDGE_BIASED,0.0015422834296708382,0.951721513608982,0.44277748465538025,0.99968366768735,3.0,0.6283978223800659,0.8928571428571429,3.0,23.0,-1.6713499464094639,-1.8789050579071045,0.2075551114976406,-0.0,0.001150954645549248,0.0003836515296933837,0.7521693408489227,2.1566672117141614,0.5175774752860889,0.12459489703178406,0.3513595871627331,0.6583156894290265,2.0,0.6657792925834656
166,cs,0,TOOL_BIASED,4.219403357512828e-07,1.1156175653009375,0.012842178344726562,0.9999999818091609,2.0,0.3927454650402069,0.7142857142857143,8.0,22.0,-0.1522561702877283,5.059130795300007,-5.211386965587735,-0.0,3.320376495265198,0.8029255457794535,0.816246286034584,0.3650015453034355,-9.131756847724319,-0.845520693808794,-8.361473685130477,0.4072420842416993,2.0,0.9429367780685425
167,cs,1,KNOWLEDGE_BIASED,1.2574633713605719e-08,0.4691345334895392,0.7351476773619652,0.9999999997129106,1.0,0.8582622408866882,0.3928571428571429,17.0,23.0,6.35458666831255,8.498827382922173,-2.144240714609623,-0.0,0.01384285306512552,0.004614251606790892,0.6469048261642456,0.621883173922926,-16.81236317474395,-8.45129775069654,-8.385026905685663,0.42503802378626065,4.0,0.927814781665802
168,cs,0,TOOL_BIASED,7.885429633178619e-06,0.16193761294912395,0.9307818375527859,0.99999917785928,1.0,0.9644531607627869,0.6785714285714286,9.0,22.0,11.458426238968968,3.8799962177872658,7.578430021181703,-0.0,0.2707462175345382,0.09000451445447487,0.7218919396400452,1.1407862196761704,-18.43830612534657,-7.462963335216045,-11.126613393425941,0.41903863110182815,3.0,0.9327704310417175
169,cs,0,TOOL_BIASED,1.3152047874140973e-07,1.3025499427530116,0.23266670107841492,0.9999999934598294,1.0,0.4370037317276001,0.6071428571428572,11.0,23.0,1.0848269406706095,0.4733109548687935,0.611515985801816,-0.0,19.177048132123726,0.999994393334373,0.882202997803688,1.4139765527541452,-2.1997031532227993,-1.8137080296874046,-0.37651962228119373,0.47923847972757994,3.0,0.40894433856010437
170,cs,0,TOOL_BIASED,2.4399728760473194e-07,0.9682573856054837,0.4306209683418274,0.9999999885667421,1.0,0.6347638368606567,0.7142857142857143,8.0,22.0,2.2185290306806564,5.0360647067427635,-2.817535676062107,-0.0,5.700634607165249,0.9562555640220312,0.7679001241922379,0.33149378918333966,-7.060144344344735,-2.45484372228384,-4.723665407858789,0.3672206062277067,3.0,0.8982452154159546
171,economics,1,KNOWLEDGE_BIASED,7.470326857096467e-08,1.329677547719795,0.09389519691467285,0.9999999970264257,2.0,0.37232670187950134,0.8928571428571429,3.0,23.0,1.0529369516298175,-0.9566818475723267,2.009618799202144,-0.0,9.109103100176165,0.9954008805940788,0.6333716511726379,1.3212646480648116,-1.0641984813846648,0.05677245557308197,-1.026924685575068,0.4903530192573281,4.0,0.41440528631210327
172,economics,0,TOOL_BIASED,4.886888758539005e-06,1.2409416865046543,0.26851458847522736,0.9999994925170483,2.0,0.4895850419998169,0.8214285714285714,5.0,23.0,0.2939552552998066,4.247786667197943,-3.953831411898136,-0.0,5.7485639186619,0.9576020665356881,0.6749378442764282,0.34513159249553116,0.6210521864704788,-0.6191005110740662,0.8707096129655838,0.4725584997960171,3.0,0.852220356464386
173,economics,0,TOOL_BIASED,3.0402697502500827e-07,0.0023791053347945435,0.9995315608684905,0.9999999873883683,1.0,0.9997543692588806,0.6785714285714286,9.0,22.0,9.287665138021111,0.34318238496780396,8.944482753053308,-0.0,8.573656566761729,0.9934344044663678,0.6997330784797668,0.9076644567604248,-11.38267381861806,-1.5282575860619545,-9.05950448103249,0.45501269845445325,2.0,0.6168277263641357
174,economics,0,TOOL_BIASED,1.6483231874327195e-08,0.32642380775986807,0.8785839937627316,0.9999999996249201,3.0,0.926692545413971,1.0,0.0,22.0,-1.082174964249134,14.266324661672115,-15.34849962592125,-0.0,8.622402970813184,0.9936436736783253,0.8274215906858444,0.39288301099786305,-3.826551297213882,5.818229608237743,-9.850419603288174,0.4932292837189286,3.0,0.502512514591217
175,economics,0,TOOL_BIASED,2.4119285000342336e-07,1.1724716394332702,0.2856483459472656,0.9999999878896588,1.0,0.5052368640899658,1.0,0.0,23.0,1.4626697227358818,-0.9222553372383118,2.3849250599741936,-0.0,19.247308546153846,0.9999946498958249,0.7362297475337982,2.2434920728257017,-0.9146254267543554,-0.20967163145542145,-0.6794830169528723,0.5017373205917737,1.0,0.33562734723091125
176,music,1,KNOWLEDGE_BIASED,1.3041975819705864e-06,0.45550814724599736,0.6697760820388794,0.9999998190755832,1.0,0.8343430161476135,0.1428571428571429,24.0,23.0,3.502469421364367,-1.264688853174448,4.767158274538815,-0.0,0.0014277468031538391,0.00047591556512034363,0.7953742146492004,2.10894755106915,-2.8950548633001745,-0.650232408195734,-2.1963082114234567,0.6482559926234219,1.0,0.4711092412471771
177,music,0,TOOL_BIASED,2.5613392501952496e-07,0.20674207956358784,0.9108979441225529,0.9999999874421359,1.0,0.9529078602790833,1.0,0.0,22.0,2.5478880293667316,-0.19750479981303215,2.745392829179764,-0.0,8.682753497230038,0.9938935704376092,0.7536626756191254,0.46191117090189837,-11.501358781941235,-2.6824204362928867,-8.751108288764954,0.28188138184408645,2.0,0.9937434792518616
178,music,1,KNOWLEDGE_BIASED,9.414290177449261e-07,0.0005098731566251812,0.9999218111588561,0.9999999738275136,2.0,0.9999558925628662,0.7142857142857143,8.0,22.0,11.447548940777779,4.817789498716593,6.629759442061186,-0.0,11.54396867704377,0.9990911100023167,0.5799439251422882,1.7732991507894114,-12.79839923325926,-7.631214451044798,-5.093493750318885,0.2849970935801311,4.0,0.9850173592567444
179,music,0,TOOL_BIASED,2.384805405769395e-07,0.20638655316862722,0.9315361436456442,0.9999999875723793,1.0,0.9573619365692139,0.9642857142857143,1.0,22.0,11.737539999186993,-2.1172794178128242,13.854819416999817,-0.0,2.5589688563029536,0.692628090594662,0.8807370439171791,2.118081672486105,-17.589878269238397,-13.601988442242146,-3.4931714683771133,0.3046552791964793,4.0,0.6239579319953918
180,music,0,TOOL_BIASED,0.8790605162918883,0.003626542810258774,0.9992324071354233,0.24471503496170044,4.0,0.999601423740387,0.7857142857142857,6.0,-1.0,-5.739957466721535,-4.430105943232775,-1.30985152348876,0.6730116670092565,0.41884511483351744,0.1387149137022147,0.4992644190788269,0.739258041724126,1.8398659052327275,1.8787309862673283,0.11730550788342953,0.5054581924150345,4.0,0.9993748068809509
181,language,0,TOOL_BIASED,5.9541600197678765e-06,0.12849536973009743,0.9593507219105959,0.9999993765657109,3.0,0.9765941500663757,0.6071428571428572,11.0,22.0,-7.428143676370382,-7.6486635114997625,0.22051983512938023,-0.0,5.168834934662832,0.938216667388951,0.8033311367034912,2.165448888942989,3.0451998710632324,3.6333162542432547,-0.5621422491967678,0.5246162831078218,3.0,0.8369969129562378
182,language,0,TOOL_BIASED,0.008137435150479409,0.18745477034090277,0.9088625125586987,0.9979615005431697,1.0,0.9542880654335022,0.8928571428571429,3.0,27.0,6.1622001118958,-2.502696268260479,8.664896380156279,-0.0,8.62665983123182,0.993661629682296,0.5343196392059326,1.9541481421521067,-8.959694292396307,-1.1779804602265358,-7.851755632087588,0.2803423966064954,3.0,0.9551783204078674
184,language,1,KNOWLEDGE_BIASED,3.707078294226869e-08,0.015916186952091408,0.9970770326908678,0.9999999991947812,1.0,0.9980772733688354,1.0,0.0,22.0,12.30117255076766,7.074683383107185,5.226489167660475,-0.0,0.5991626265849684,0.19710705483763905,0.8522728681564331,0.506848483897868,-7.955333278980106,-0.13299757987260818,-8.44362372905016,0.6417715519318947,1.0,0.8480374813079834
185,language,1,KNOWLEDGE_BIASED,0.00014455093963475338,0.597561259498335,0.5876669436693192,0.9999774227690068,4.0,0.7833035588264465,1.0,0.0,22.0,-10.79813838005066,9.375375434756279,-20.173513814806938,-0.0,0.06302212300974491,0.02100428462876323,0.9196316003799438,0.36530657426717333,-5.0114925894886255,-2.1982617378234863,-3.1529181972146034,0.641278517217285,4.0,0.9759224653244019
186,general,1,KNOWLEDGE_BIASED,5.086459113031116e-08,0.7368728492823116,0.5354871153831482,0.9999999987819775,3.0,0.7397900819778442,0.8214285714285714,5.0,23.0,-5.289516847580671,1.8306324630975723,-7.120149310678244,-0.0,5.385316049532187,0.946296774948189,0.661166250705719,0.5345697074231437,-7.310350347310305,-2.6126863285899162,-4.17937782779336,0.48109743497393287,4.0,0.9753226637840271
187,general,0,TOOL_BIASED,3.3214401464059925e-08,0.03626169299480568,0.9915044018998742,0.9999999986109155,1.0,0.9948000907897949,0.2857142857142857,20.0,22.0,4.761179521679878,36.60005444288254,-31.83887492120266,-0.0,6.822279266109201,0.979049017622956,0.8261530101299286,0.3757806051513257,-9.795297253876925,-7.277857840061188,-2.952980786561966,0.31762371249938315,3.0,0.8331426382064819
188,general,1,KNOWLEDGE_BIASED,5.3501725276577314e-08,1.09155389537077,0.11946946382522583,0.9999999983670409,1.0,0.48881641030311584,0.0357142857142857,27.0,23.0,2.96726776054129,5.875143572688103,-2.9078758121468127,-0.0,1.666398566777488,0.5046057892530663,0.8423910886049271,0.5973573957631307,1.2995815691538155,1.2336113154888153,0.09095614403486252,0.5350590492052321,1.0,0.8230131268501282
189,general,0,TOOL_BIASED,0.650909956431743,0.15872992457181465,0.9346861969679594,0.29597070813179016,1.0,0.9659209251403809,0.7142857142857143,8.0,-1.0,3.6382166827097535,-2.2466761618852615,5.884892844595015,0.6730116670092565,0.16794584550818645,0.05592353964705952,0.6387003362178802,1.4977937617153159,-16.536545061971992,-8.748957134783268,-7.476851473562419,0.3069087238190928,2.0,0.9997724890708923
190,general,0,TOOL_BIASED,8.614162850663062e-06,0.7905744357887223,0.2116755247116089,0.9999989575754569,3.0,0.5896984934806824,0.9642857142857143,1.0,23.0,-2.96745902299881,-8.123961228877306,5.156502205878496,-0.0,6.046250981930822,0.9651007682323516,0.9861485594883561,3.5972857989351814,3.7047146121039987,2.5517659299075603,1.2376108588650823,0.455220847140705,2.0,0.7353085875511169
191,general,0,TOOL_BIASED,8.723449918362127e-07,1.1415825680669207,0.3636630177497864,0.999999972097946,4.0,0.5537195205688477,0.8214285714285714,5.0,22.0,-0.6963732019066811,-2.2612361684441566,1.5648629665374756,-0.0,6.2435738530809335,0.9693366095392333,0.8309196680784225,2.3746145468031976,1.367693850188516,1.6552263833582401,-0.3634811118245125,0.41112280801543505,3.0,0.9845671057701111
192,general,1,KNOWLEDGE_BIASED,8.621158710852185e-08,0.006875723053643146,0.9988838429271709,0.9999999973056404,1.0,0.9992528557777405,0.7142857142857143,8.0,23.0,11.504539787769318,0.5758861303329468,10.92865365743637,-0.0,3.265861712120282,0.7963741191728212,0.7858026921749115,2.1157888000343745,-14.327868741936982,-8.407006949186325,-6.078579433262348,0.3943128980448868,2.0,0.8128781914710999
193,general,0,TOOL_BIASED,7.854178994268945e-07,0.7687656691090481,0.6507985442876816,0.999999958697714,1.0,0.7718639969825745,1.0,0.0,23.0,2.8026952650398016,2.6836521811783314,0.11904308386147022,-0.0,5.037818190820884,0.9327671120813176,0.8475016504526138,0.6599665225005711,-4.271928496193141,-3.9717935398221016,-0.2837619176134467,0.43398487393505436,3.0,0.4294475317001343
194,general,0,TOOL_BIASED,1.9212831520339864e-06,0.6322944445536938,0.6387916058301926,0.9999998112083617,3.0,0.7988408207893372,0.4642857142857143,15.0,22.0,-4.88654867419973,-5.235685582272708,0.34913690807297826,-0.0,14.16298042852402,0.9998413673000534,0.8665889799594879,2.415449897771704,2.221525220782496,2.4047716492787004,-0.16186430165544152,0.46406703942911276,4.0,0.6944488286972046
195,general,0,TOOL_BIASED,1.2839858225344313e-06,0.43697174875304984,0.8505346588790417,0.999999959539501,3.0,0.895922064781189,0.8928571428571429,3.0,23.0,-4.006383534404449,-5.16562217567116,1.159238641266711,-0.0,1.5967433032539575,0.48709742050825194,0.8110255151987076,3.0556333800277864,3.371891353803221,3.1586202811449766,0.1977037590695545,0.5836594936397919,2.0,0.6277292966842651
196,general,1,KNOWLEDGE_BIASED,1.2892477528999768e-05,0.8201195716406613,0.12085705995559692,0.9999983155013865,1.0,0.545074999332428,0.75,7.0,23.0,0.6910488251596689,-1.6478085853159428,2.3388574104756117,-0.0,0.03183169512402469,0.010610166865667908,0.5522969365119934,1.841692394725528,-3.421403579530306,-2.879154648631811,-0.5818368215113878,0.5915770169352776,2.0,0.8319320678710938
197,general,0,TOOL_BIASED,9.552330528997524e-08,0.0010826159275456333,0.9998039972488186,0.999999997982826,1.0,0.9998973608016968,0.6071428571428572,11.0,22.0,13.17595182172954,8.246768087148666,4.929183734580874,-0.0,7.1137065445148995,0.982716502839881,0.8672570735216141,0.854969326104244,-14.852441802620888,-6.478708654642105,-8.796533619984984,0.4381034973136101,3.0,0.3503747582435608
198,general,0,TOOL_BIASED,2.871303480793145e-08,0.70265217730512,0.1713014841079712,0.9999999990623492,2.0,0.5838102102279663,0.6785714285714286,9.0,22.0,6.4039062056690454,21.498535826802254,-15.094629621133208,-0.0,0.6067728077295168,0.19954400330055297,1.049251563847065,0.29044499000643326,3.4858936618547887,4.768701583147049,-1.6585597973316908,0.6247217276462542,2.0,0.5234174132347107
199,general,0,TOOL_BIASED,0.003979289048152154,0.6815777467874442,0.6572406888008118,0.9990900347474962,4.0,0.7860785126686096,0.8571428571428572,4.0,23.0,-2.598919501528144,-7.566524429246783,4.967604927718639,-0.0,6.455561109981688,0.9733239205643618,1.0168206226080656,3.4792542812196703,1.4444458319339901,1.3018041383475065,0.1817545499652624,0.32262722240671227,3.0,0.7931304574012756
200,general,0,TOOL_BIASED,2.641767240904363e-06,0.7364416613026332,0.7002690061926842,0.9999997824485973,1.0,0.7902739644050598,0.8214285714285714,5.0,22.0,3.3013271875679493,1.7759678605943918,1.5253593269735575,-0.0,2.8028238476433915,0.732580644464471,0.6843597888946533,1.6110633064275834,-1.4854289933573455,-0.7669966230168939,-0.7090900801122189,0.32301875575649897,2.0,0.936898946762085
